[
    {
        "country": "Afghanistan",
        "alpha_2": "AF",
        "alpha_3": "AFG",
        "un_code": "004"
    },
    {
        "country": "Aland Islands",
        "alpha_2": "AX",
        "alpha_3": "ALA",
        "un_code": "248"
    },
    {
        "country": "Albania",
        "alpha_2": "AL",
        "alpha_3": "ALB",
        "un_code": "008"
    },
    {
        "country": "Algeria",
        "alpha_2": "DZ",
        "alpha_3": "DZA",
        "un_code": "012"
    },
    {
        "country": "American Samoa",
        "alpha_2": "AS",
        "alpha_3": "ASM",
        "un_code": "016"
    },
    {
        "country": "Andorra",
        "alpha_2": "AD",
        "alpha_3": "AND",
        "un_code": "020"
    },
    {
        "country": "Angola",
        "alpha_2": "AO",
        "alpha_3": "AGO",
        "un_code": "024"
    },
    {
        "country": "Anguilla",
        "alpha_2": "AI",
        "alpha_3": "AIA",
        "un_code": "660"
    },
    {
        "country": "Antarctica",
        "alpha_2": "AQ",
        "alpha_3": "ATA",
        "un_code": "010"
    },
    {
        "country": "Antigua and Barbuda",
        "alpha_2": "AG",
        "alpha_3": "ATG",
        "un_code": "028"
    },
    {
        "country": "Argentina",
        "alpha_2": "AR",
        "alpha_3": "ARG",
        "un_code": "032"
    },
    {
        "country": "Armenia",
        "alpha_2": "AM",
        "alpha_3": "ARM",
        "un_code": "051"
    },
    {
        "country": "Aruba",
        "alpha_2": "AW",
        "alpha_3": "ABW",
        "un_code": "533"
    },
    {
        "country": "Australia",
        "alpha_2": "AU",
        "alpha_3": "AUS",
        "un_code": "036"
    },
    {
        "country": "Austria",
        "alpha_2": "AT",
        "alpha_3": "AUT",
        "un_code": "040"
    },
    {
        "country": "Azerbaijan",
        "alpha_2": "AZ",
        "alpha_3": "AZE",
        "un_code": "031"
    },
    {
        "country": "Bahamas",
        "alpha_2": "BS",
        "alpha_3": "BHS",
        "un_code": "044"
    },
    {
        "country": "Bahrain",
        "alpha_2": "BH",
        "alpha_3": "BHR",
        "un_code": "048"
    },
    {
        "country": "Bangladesh",
        "alpha_2": "BD",
        "alpha_3": "BGD",
        "un_code": "050"
    },
    {
        "country": "Barbados",
        "alpha_2": "BB",
        "alpha_3": "BRB",
        "un_code": "052"
    },
    {
        "country": "Belarus",
        "alpha_2": "BY",
        "alpha_3": "BLR",
        "un_code": "112"
    },
    {
        "country": "Belgium",
        "alpha_2": "BE",
        "alpha_3": "BEL",
        "un_code": "056"
    },
    {
        "country": "Belize",
        "alpha_2": "BZ",
        "alpha_3": "BLZ",
        "un_code": "084"
    },
    {
        "country": "Benin",
        "alpha_2": "BJ",
        "alpha_3": "BEN",
        "un_code": "204"
    },
    {
        "country": "Bermuda",
        "alpha_2": "BM",
        "alpha_3": "BMU",
        "un_code": "060"
    },
    {
        "country": "Bhutan",
        "alpha_2": "BT",
        "alpha_3": "BTN",
        "un_code": "064"
    },
    {
        "country": "Bolivia",
        "alpha_2": "BO",
        "alpha_3": "BOL",
        "un_code": "068"
    },
    {
        "country": "Bosnia and Herzegovina",
        "alpha_2": "BA",
        "alpha_3": "BIH",
        "un_code": "070"
    },
    {
        "country": "Botswana",
        "alpha_2": "BW",
        "alpha_3": "BWA",
        "un_code": "072"
    },
    {
        "country": "Bouvet Island",
        "alpha_2": "BV",
        "alpha_3": "BVT",
        "un_code": "074"
    },
    {
        "country": "Brazil",
        "alpha_2": "BR",
        "alpha_3": "BRA",
        "un_code": "076"
    },
    {
        "country": "British Virgin Islands",
        "alpha_2": "VG",
        "alpha_3": "VGB",
        "un_code": "092"
    },
    {
        "country": "British Indian Ocean Territory",
        "alpha_2": "IO",
        "alpha_3": "IOT",
        "un_code": "086"
    },
    {
        "country": "Brunei Darussalam",
        "alpha_2": "BN",
        "alpha_3": "BRN",
        "un_code": "096"
    },
    {
        "country": "Bulgaria",
        "alpha_2": "BG",
        "alpha_3": "BGR",
        "un_code": "100"
    },
    {
        "country": "Burkina Faso",
        "alpha_2": "BF",
        "alpha_3": "BFA",
        "un_code": "854"
    },
    {
        "country": "Burundi",
        "alpha_2": "BI",
        "alpha_3": "BDI",
        "un_code": "108"
    },
    {
        "country": "Cambodia",
        "alpha_2": "KH",
        "alpha_3": "KHM",
        "un_code": "116"
    },
    {
        "country": "Cameroon",
        "alpha_2": "CM",
        "alpha_3": "CMR",
        "un_code": "120"
    },
    {
        "country": "Canada",
        "alpha_2": "CA",
        "alpha_3": "CAN",
        "un_code": "124"
    },
    {
        "country": "Cape Verde",
        "alpha_2": "CV",
        "alpha_3": "CPV",
        "un_code": "132"
    },
    {
        "country": "Cayman Islands",
        "alpha_2": "KY",
        "alpha_3": "CYM",
        "un_code": "136"
    },
    {
        "country": "Central African Republic",
        "alpha_2": "CF",
        "alpha_3": "CAF",
        "un_code": "140"
    },
    {
        "country": "Chad",
        "alpha_2": "TD",
        "alpha_3": "TCD",
        "un_code": "148"
    },
    {
        "country": "Chile",
        "alpha_2": "CL",
        "alpha_3": "CHL",
        "un_code": "152"
    },
    {
        "country": "China",
        "alpha_2": "CN",
        "alpha_3": "CHN",
        "un_code": "156"
    },
    {
        "country": "Hong Kong, SAR China",
        "alpha_2": "HK",
        "alpha_3": "HKG",
        "un_code": "344"
    },
    {
        "country": "Macao, SAR China",
        "alpha_2": "MO",
        "alpha_3": "MAC",
        "un_code": "446"
    },
    {
        "country": "Christmas Island",
        "alpha_2": "CX",
        "alpha_3": "CXR",
        "un_code": "162"
    },
    {
        "country": "Cocos (Keeling) Islands",
        "alpha_2": "CC",
        "alpha_3": "CCK",
        "un_code": "166"
    },
    {
        "country": "Colombia",
        "alpha_2": "CO",
        "alpha_3": "COL",
        "un_code": "170"
    },
    {
        "country": "Comoros",
        "alpha_2": "KM",
        "alpha_3": "COM",
        "un_code": "174"
    },
    {
        "country": "Congo (Brazzaville)",
        "alpha_2": "CG",
        "alpha_3": "COG",
        "un_code": "178"
    },
    {
        "country": "Congo, (Kinshasa)",
        "alpha_2": "CD",
        "alpha_3": "COD",
        "un_code": "180"
    },
    {
        "country": "Cook Islands",
        "alpha_2": "CK",
        "alpha_3": "COK",
        "un_code": "184"
    },
    {
        "country": "Costa Rica",
        "alpha_2": "CR",
        "alpha_3": "CRI",
        "un_code": "188"
    },
    {
        "country": "Côte d'Ivoire",
        "alpha_2": "CI",
        "alpha_3": "CIV",
        "un_code": "384"
    },
    {
        "country": "Croatia",
        "alpha_2": "HR",
        "alpha_3": "HRV",
        "un_code": "191"
    },
    {
        "country": "Cuba",
        "alpha_2": "CU",
        "alpha_3": "CUB",
        "un_code": "192"
    },
    {
        "country": "Cyprus",
        "alpha_2": "CY",
        "alpha_3": "CYP",
        "un_code": "196"
    },
    {
        "country": "Czech Republic",
        "alpha_2": "CZ",
        "alpha_3": "CZE",
        "un_code": "203"
    },
    {
        "country": "Denmark",
        "alpha_2": "DK",
        "alpha_3": "DNK",
        "un_code": "208"
    },
    {
        "country": "Djibouti",
        "alpha_2": "DJ",
        "alpha_3": "DJI",
        "un_code": "262"
    },
    {
        "country": "Dominica",
        "alpha_2": "DM",
        "alpha_3": "DMA",
        "un_code": "212"
    },
    {
        "country": "Dominican Republic",
        "alpha_2": "DO",
        "alpha_3": "DOM",
        "un_code": "214"
    },
    {
        "country": "Ecuador",
        "alpha_2": "EC",
        "alpha_3": "ECU",
        "un_code": "218"
    },
    {
        "country": "Egypt",
        "alpha_2": "EG",
        "alpha_3": "EGY",
        "un_code": "818"
    },
    {
        "country": "El Salvador",
        "alpha_2": "SV",
        "alpha_3": "SLV",
        "un_code": "222"
    },
    {
        "country": "Equatorial Guinea",
        "alpha_2": "GQ",
        "alpha_3": "GNQ",
        "un_code": "226"
    },
    {
        "country": "Eritrea",
        "alpha_2": "ER",
        "alpha_3": "ERI",
        "un_code": "232"
    },
    {
        "country": "Estonia",
        "alpha_2": "EE",
        "alpha_3": "EST",
        "un_code": "233"
    },
    {
        "country": "Ethiopia",
        "alpha_2": "ET",
        "alpha_3": "ETH",
        "un_code": "231"
    },
    {
        "country": "Falkland Islands (Malvinas)",
        "alpha_2": "FK",
        "alpha_3": "FLK",
        "un_code": "238"
    },
    {
        "country": "Faroe Islands",
        "alpha_2": "FO",
        "alpha_3": "FRO",
        "un_code": "234"
    },
    {
        "country": "Fiji",
        "alpha_2": "FJ",
        "alpha_3": "FJI",
        "un_code": "242"
    },
    {
        "country": "Finland",
        "alpha_2": "FI",
        "alpha_3": "FIN",
        "un_code": "246"
    },
    {
        "country": "France",
        "alpha_2": "FR",
        "alpha_3": "FRA",
        "un_code": "250"
    },
    {
        "country": "French Guiana",
        "alpha_2": "GF",
        "alpha_3": "GUF",
        "un_code": "254"
    },
    {
        "country": "French Polynesia",
        "alpha_2": "PF",
        "alpha_3": "PYF",
        "un_code": "258"
    },
    {
        "country": "French Southern Territories",
        "alpha_2": "TF",
        "alpha_3": "ATF",
        "un_code": "260"
    },
    {
        "country": "Gabon",
        "alpha_2": "GA",
        "alpha_3": "GAB",
        "un_code": "266"
    },
    {
        "country": "Gambia",
        "alpha_2": "GM",
        "alpha_3": "GMB",
        "un_code": "270"
    },
    {
        "country": "Georgia",
        "alpha_2": "GE",
        "alpha_3": "GEO",
        "un_code": "268"
    },
    {
        "country": "Germany",
        "alpha_2": "DE",
        "alpha_3": "DEU",
        "un_code": "276"
    },
    {
        "country": "Ghana",
        "alpha_2": "GH",
        "alpha_3": "GHA",
        "un_code": "288"
    },
    {
        "country": "Gibraltar",
        "alpha_2": "GI",
        "alpha_3": "GIB",
        "un_code": "292"
    },
    {
        "country": "Greece",
        "alpha_2": "GR",
        "alpha_3": "GRC",
        "un_code": "300"
    },
    {
        "country": "Greenland",
        "alpha_2": "GL",
        "alpha_3": "GRL",
        "un_code": "304"
    },
    {
        "country": "Grenada",
        "alpha_2": "GD",
        "alpha_3": "GRD",
        "un_code": "308"
    },
    {
        "country": "Guadeloupe",
        "alpha_2": "GP",
        "alpha_3": "GLP",
        "un_code": "312"
    },
    {
        "country": "Guam",
        "alpha_2": "GU",
        "alpha_3": "GUM",
        "un_code": "316"
    },
    {
        "country": "Guatemala",
        "alpha_2": "GT",
        "alpha_3": "GTM",
        "un_code": "320"
    },
    {
        "country": "Guernsey",
        "alpha_2": "GG",
        "alpha_3": "GGY",
        "un_code": "831"
    },
    {
        "country": "Guinea",
        "alpha_2": "GN",
        "alpha_3": "GIN",
        "un_code": "324"
    },
    {
        "country": "Guinea-Bissau",
        "alpha_2": "GW",
        "alpha_3": "GNB",
        "un_code": "624"
    },
    {
        "country": "Guyana",
        "alpha_2": "GY",
        "alpha_3": "GUY",
        "un_code": "328"
    },
    {
        "country": "Haiti",
        "alpha_2": "HT",
        "alpha_3": "HTI",
        "un_code": "332"
    },
    {
        "country": "Heard and Mcdonald Islands",
        "alpha_2": "HM",
        "alpha_3": "HMD",
        "un_code": "334"
    },
    {
        "country": "Holy See (Vatican City State)",
        "alpha_2": "VA",
        "alpha_3": "VAT",
        "un_code": "336"
    },
    {
        "country": "Honduras",
        "alpha_2": "HN",
        "alpha_3": "HND",
        "un_code": "340"
    },
    {
        "country": "Hungary",
        "alpha_2": "HU",
        "alpha_3": "HUN",
        "un_code": "348"
    },
    {
        "country": "Iceland",
        "alpha_2": "IS",
        "alpha_3": "ISL",
        "un_code": "352"
    },
    {
        "country": "India",
        "alpha_2": "IN",
        "alpha_3": "IND",
        "un_code": "356"
    },
    {
        "country": "Indonesia",
        "alpha_2": "ID",
        "alpha_3": "IDN",
        "un_code": "360"
    },
    {
        "country": "Iran, Islamic Republic of",
        "alpha_2": "IR",
        "alpha_3": "IRN",
        "un_code": "364"
    },
    {
        "country": "Iraq",
        "alpha_2": "IQ",
        "alpha_3": "IRQ",
        "un_code": "368"
    },
    {
        "country": "Ireland",
        "alpha_2": "IE",
        "alpha_3": "IRL",
        "un_code": "372"
    },
    {
        "country": "Isle of Man",
        "alpha_2": "IM",
        "alpha_3": "IMN",
        "un_code": "833"
    },
    {
        "country": "Israel",
        "alpha_2": "IL",
        "alpha_3": "ISR",
        "un_code": "376"
    },
    {
        "country": "Italy",
        "alpha_2": "IT",
        "alpha_3": "ITA",
        "un_code": "380"
    },
    {
        "country": "Jamaica",
        "alpha_2": "JM",
        "alpha_3": "JAM",
        "un_code": "388"
    },
    {
        "country": "Japan",
        "alpha_2": "JP",
        "alpha_3": "JPN",
        "un_code": "392"
    },
    {
        "country": "Jersey",
        "alpha_2": "JE",
        "alpha_3": "JEY",
        "un_code": "832"
    },
    {
        "country": "Jordan",
        "alpha_2": "JO",
        "alpha_3": "JOR",
        "un_code": "400"
    },
    {
        "country": "Kazakhstan",
        "alpha_2": "KZ",
        "alpha_3": "KAZ",
        "un_code": "398"
    },
    {
        "country": "Kenya",
        "alpha_2": "KE",
        "alpha_3": "KEN",
        "un_code": "404"
    },
    {
        "country": "Kiribati",
        "alpha_2": "KI",
        "alpha_3": "KIR",
        "un_code": "296"
    },
    {
        "country": "Korea (North)",
        "alpha_2": "KP",
        "alpha_3": "PRK",
        "un_code": "408"
    },
    {
        "country": "Korea (South)",
        "alpha_2": "KR",
        "alpha_3": "KOR",
        "un_code": "410"
    },
    {
        "country": "Kuwait",
        "alpha_2": "KW",
        "alpha_3": "KWT",
        "un_code": "414"
    },
    {
        "country": "Kyrgyzstan",
        "alpha_2": "KG",
        "alpha_3": "KGZ",
        "un_code": "417"
    },
    {
        "country": "Lao PDR",
        "alpha_2": "LA",
        "alpha_3": "LAO",
        "un_code": "418"
    },
    {
        "country": "Latvia",
        "alpha_2": "LV",
        "alpha_3": "LVA",
        "un_code": "428"
    },
    {
        "country": "Lebanon",
        "alpha_2": "LB",
        "alpha_3": "LBN",
        "un_code": "422"
    },
    {
        "country": "Lesotho",
        "alpha_2": "LS",
        "alpha_3": "LSO",
        "un_code": "426"
    },
    {
        "country": "Liberia",
        "alpha_2": "LR",
        "alpha_3": "LBR",
        "un_code": "430"
    },
    {
        "country": "Libya",
        "alpha_2": "LY",
        "alpha_3": "LBY",
        "un_code": "434"
    },
    {
        "country": "Liechtenstein",
        "alpha_2": "LI",
        "alpha_3": "LIE",
        "un_code": "438"
    },
    {
        "country": "Lithuania",
        "alpha_2": "LT",
        "alpha_3": "LTU",
        "un_code": "440"
    },
    {
        "country": "Luxembourg",
        "alpha_2": "LU",
        "alpha_3": "LUX",
        "un_code": "442"
    },
    {
        "country": "Macedonia, Republic of",
        "alpha_2": "MK",
        "alpha_3": "MKD",
        "un_code": "807"
    },
    {
        "country": "Madagascar",
        "alpha_2": "MG",
        "alpha_3": "MDG",
        "un_code": "450"
    },
    {
        "country": "Malawi",
        "alpha_2": "MW",
        "alpha_3": "MWI",
        "un_code": "454"
    },
    {
        "country": "Malaysia",
        "alpha_2": "MY",
        "alpha_3": "MYS",
        "un_code": "458"
    },
    {
        "country": "Maldives",
        "alpha_2": "MV",
        "alpha_3": "MDV",
        "un_code": "462"
    },
    {
        "country": "Mali",
        "alpha_2": "ML",
        "alpha_3": "MLI",
        "un_code": "466"
    },
    {
        "country": "Malta",
        "alpha_2": "MT",
        "alpha_3": "MLT",
        "un_code": "470"
    },
    {
        "country": "Marshall Islands",
        "alpha_2": "MH",
        "alpha_3": "MHL",
        "un_code": "584"
    },
    {
        "country": "Martinique",
        "alpha_2": "MQ",
        "alpha_3": "MTQ",
        "un_code": "474"
    },
    {
        "country": "Mauritania",
        "alpha_2": "MR",
        "alpha_3": "MRT",
        "un_code": "478"
    },
    {
        "country": "Mauritius",
        "alpha_2": "MU",
        "alpha_3": "MUS",
        "un_code": "480"
    },
    {
        "country": "Mayotte",
        "alpha_2": "YT",
        "alpha_3": "MYT",
        "un_code": "175"
    },
    {
        "country": "Mexico",
        "alpha_2": "MX",
        "alpha_3": "MEX",
        "un_code": "484"
    },
    {
        "country": "Micronesia, Federated States of",
        "alpha_2": "FM",
        "alpha_3": "FSM",
        "un_code": "583"
    },
    {
        "country": "Moldova",
        "alpha_2": "MD",
        "alpha_3": "MDA",
        "un_code": "498"
    },
    {
        "country": "Monaco",
        "alpha_2": "MC",
        "alpha_3": "MCO",
        "un_code": "492"
    },
    {
        "country": "Mongolia",
        "alpha_2": "MN",
        "alpha_3": "MNG",
        "un_code": "496"
    },
    {
        "country": "Montenegro",
        "alpha_2": "ME",
        "alpha_3": "MNE",
        "un_code": "499"
    },
    {
        "country": "Montserrat",
        "alpha_2": "MS",
        "alpha_3": "MSR",
        "un_code": "500"
    },
    {
        "country": "Morocco",
        "alpha_2": "MA",
        "alpha_3": "MAR",
        "un_code": "504"
    },
    {
        "country": "Mozambique",
        "alpha_2": "MZ",
        "alpha_3": "MOZ",
        "un_code": "508"
    },
    {
        "country": "Myanmar",
        "alpha_2": "MM",
        "alpha_3": "MMR",
        "un_code": "104"
    },
    {
        "country": "Namibia",
        "alpha_2": "NA",
        "alpha_3": "NAM",
        "un_code": "516"
    },
    {
        "country": "Nauru",
        "alpha_2": "NR",
        "alpha_3": "NRU",
        "un_code": "520"
    },
    {
        "country": "Nepal",
        "alpha_2": "NP",
        "alpha_3": "NPL",
        "un_code": "524"
    },
    {
        "country": "Netherlands",
        "alpha_2": "NL",
        "alpha_3": "NLD",
        "un_code": "528"
    },
    {
        "country": "Netherlands Antilles",
        "alpha_2": "AN",
        "alpha_3": "ANT",
        "un_code": "530"
    },
    {
        "country": "New Caledonia",
        "alpha_2": "NC",
        "alpha_3": "NCL",
        "un_code": "540"
    },
    {
        "country": "New Zealand",
        "alpha_2": "NZ",
        "alpha_3": "NZL",
        "un_code": "554"
    },
    {
        "country": "Nicaragua",
        "alpha_2": "NI",
        "alpha_3": "NIC",
        "un_code": "558"
    },
    {
        "country": "Niger",
        "alpha_2": "NE",
        "alpha_3": "NER",
        "un_code": "562"
    },
    {
        "country": "Nigeria",
        "alpha_2": "NG",
        "alpha_3": "NGA",
        "un_code": "566"
    },
    {
        "country": "Niue",
        "alpha_2": "NU",
        "alpha_3": "NIU",
        "un_code": "570"
    },
    {
        "country": "Norfolk Island",
        "alpha_2": "NF",
        "alpha_3": "NFK",
        "un_code": "574"
    },
    {
        "country": "Northern Mariana Islands",
        "alpha_2": "MP",
        "alpha_3": "MNP",
        "un_code": "580"
    },
    {
        "country": "Norway",
        "alpha_2": "NO",
        "alpha_3": "NOR",
        "un_code": "578"
    },
    {
        "country": "Oman",
        "alpha_2": "OM",
        "alpha_3": "OMN",
        "un_code": "512"
    },
    {
        "country": "Pakistan",
        "alpha_2": "PK",
        "alpha_3": "PAK",
        "un_code": "586"
    },
    {
        "country": "Palau",
        "alpha_2": "PW",
        "alpha_3": "PLW",
        "un_code": "585"
    },
    {
        "country": "Palestinian Territory",
        "alpha_2": "PS",
        "alpha_3": "PSE",
        "un_code": "275"
    },
    {
        "country": "Panama",
        "alpha_2": "PA",
        "alpha_3": "PAN",
        "un_code": "591"
    },
    {
        "country": "Papua New Guinea",
        "alpha_2": "PG",
        "alpha_3": "PNG",
        "un_code": "598"
    },
    {
        "country": "Paraguay",
        "alpha_2": "PY",
        "alpha_3": "PRY",
        "un_code": "600"
    },
    {
        "country": "Peru",
        "alpha_2": "PE",
        "alpha_3": "PER",
        "un_code": "604"
    },
    {
        "country": "Philippines",
        "alpha_2": "PH",
        "alpha_3": "PHL",
        "un_code": "608"
    },
    {
        "country": "Pitcairn",
        "alpha_2": "PN",
        "alpha_3": "PCN",
        "un_code": "612"
    },
    {
        "country": "Poland",
        "alpha_2": "PL",
        "alpha_3": "POL",
        "un_code": "616"
    },
    {
        "country": "Portugal",
        "alpha_2": "PT",
        "alpha_3": "PRT",
        "un_code": "620"
    },
    {
        "country": "Puerto Rico",
        "alpha_2": "PR",
        "alpha_3": "PRI",
        "un_code": "630"
    },
    {
        "country": "Qatar",
        "alpha_2": "QA",
        "alpha_3": "QAT",
        "un_code": "634"
    },
    {
        "country": "Réunion",
        "alpha_2": "RE",
        "alpha_3": "REU",
        "un_code": "638"
    },
    {
        "country": "Romania",
        "alpha_2": "RO",
        "alpha_3": "ROU",
        "un_code": "642"
    },
    {
        "country": "Russian Federation",
        "alpha_2": "RU",
        "alpha_3": "RUS",
        "un_code": "643"
    },
    {
        "country": "Rwanda",
        "alpha_2": "RW",
        "alpha_3": "RWA",
        "un_code": "646"
    },
    {
        "country": "Saint-Barthélemy",
        "alpha_2": "BL",
        "alpha_3": "BLM",
        "un_code": "652"
    },
    {
        "country": "Saint Helena",
        "alpha_2": "SH",
        "alpha_3": "SHN",
        "un_code": "654"
    },
    {
        "country": "Saint Kitts and Nevis",
        "alpha_2": "KN",
        "alpha_3": "KNA",
        "un_code": "659"
    },
    {
        "country": "Saint Lucia",
        "alpha_2": "LC",
        "alpha_3": "LCA",
        "un_code": "662"
    },
    {
        "country": "Saint-Martin (French part)",
        "alpha_2": "MF",
        "alpha_3": "MAF",
        "un_code": "663"
    },
    {
        "country": "Saint Pierre and Miquelon",
        "alpha_2": "PM",
        "alpha_3": "SPM",
        "un_code": "666"
    },
    {
        "country": "Saint Vincent and Grenadines",
        "alpha_2": "VC",
        "alpha_3": "VCT",
        "un_code": "670"
    },
    {
        "country": "Samoa",
        "alpha_2": "WS",
        "alpha_3": "WSM",
        "un_code": "882"
    },
    {
        "country": "San Marino",
        "alpha_2": "SM",
        "alpha_3": "SMR",
        "un_code": "674"
    },
    {
        "country": "Sao Tome and Principe",
        "alpha_2": "ST",
        "alpha_3": "STP",
        "un_code": "678"
    },
    {
        "country": "Saudi Arabia",
        "alpha_2": "SA",
        "alpha_3": "SAU",
        "un_code": "682"
    },
    {
        "country": "Senegal",
        "alpha_2": "SN",
        "alpha_3": "SEN",
        "un_code": "686"
    },
    {
        "country": "Serbia",
        "alpha_2": "RS",
        "alpha_3": "SRB",
        "un_code": "688"
    },
    {
        "country": "Seychelles",
        "alpha_2": "SC",
        "alpha_3": "SYC",
        "un_code": "690"
    },
    {
        "country": "Sierra Leone",
        "alpha_2": "SL",
        "alpha_3": "SLE",
        "un_code": "694"
    },
    {
        "country": "Singapore",
        "alpha_2": "SG",
        "alpha_3": "SGP",
        "un_code": "702"
    },
    {
        "country": "Slovakia",
        "alpha_2": "SK",
        "alpha_3": "SVK",
        "un_code": "703"
    },
    {
        "country": "Slovenia",
        "alpha_2": "SI",
        "alpha_3": "SVN",
        "un_code": "705"
    },
    {
        "country": "Solomon Islands",
        "alpha_2": "SB",
        "alpha_3": "SLB",
        "un_code": "090"
    },
    {
        "country": "Somalia",
        "alpha_2": "SO",
        "alpha_3": "SOM",
        "un_code": "706"
    },
    {
        "country": "South Africa",
        "alpha_2": "ZA",
        "alpha_3": "ZAF",
        "un_code": "710"
    },
    {
        "country": "South Georgia and the South Sandwich Islands",
        "alpha_2": "GS",
        "alpha_3": "SGS",
        "un_code": "239"
    },
    {
        "country": "South Sudan",
        "alpha_2": "SS",
        "alpha_3": "SSD",
        "un_code": "728"
    },
    {
        "country": "Spain",
        "alpha_2": "ES",
        "alpha_3": "ESP",
        "un_code": "724"
    },
    {
        "country": "Sri Lanka",
        "alpha_2": "LK",
        "alpha_3": "LKA",
        "un_code": "144"
    },
    {
        "country": "Sudan",
        "alpha_2": "SD",
        "alpha_3": "SDN",
        "un_code": "736"
    },
    {
        "country": "Suriname",
        "alpha_2": "SR",
        "alpha_3": "SUR",
        "un_code": "740"
    },
    {
        "country": "Svalbard and Jan Mayen Islands",
        "alpha_2": "SJ",
        "alpha_3": "SJM",
        "un_code": "744"
    },
    {
        "country": "Swaziland",
        "alpha_2": "SZ",
        "alpha_3": "SWZ",
        "un_code": "748"
    },
    {
        "country": "Sweden",
        "alpha_2": "SE",
        "alpha_3": "SWE",
        "un_code": "752"
    },
    {
        "country": "Switzerland",
        "alpha_2": "CH",
        "alpha_3": "CHE",
        "un_code": "756"
    },
    {
        "country": "Syrian Arab Republic (Syria)",
        "alpha_2": "SY",
        "alpha_3": "SYR",
        "un_code": "760"
    },
    {
        "country": "Taiwan, Republic of China",
        "alpha_2": "TW",
        "alpha_3": "TWN",
        "un_code": "158"
    },
    {
        "country": "Tajikistan",
        "alpha_2": "TJ",
        "alpha_3": "TJK",
        "un_code": "762"
    },
    {
        "country": "Tanzania, United Republic of",
        "alpha_2": "TZ",
        "alpha_3": "TZA",
        "un_code": "834"
    },
    {
        "country": "Thailand",
        "alpha_2": "TH",
        "alpha_3": "THA",
        "un_code": "764"
    },
    {
        "country": "Timor-Leste",
        "alpha_2": "TL",
        "alpha_3": "TLS",
        "un_code": "626"
    },
    {
        "country": "Togo",
        "alpha_2": "TG",
        "alpha_3": "TGO",
        "un_code": "768"
    },
    {
        "country": "Tokelau",
        "alpha_2": "TK",
        "alpha_3": "TKL",
        "un_code": "772"
    },
    {
        "country": "Tonga",
        "alpha_2": "TO",
        "alpha_3": "TON",
        "un_code": "776"
    },
    {
        "country": "Trinidad and Tobago",
        "alpha_2": "TT",
        "alpha_3": "TTO",
        "un_code": "780"
    },
    {
        "country": "Tunisia",
        "alpha_2": "TN",
        "alpha_3": "TUN",
        "un_code": "788"
    },
    {
        "country": "Turkey",
        "alpha_2": "TR",
        "alpha_3": "TUR",
        "un_code": "792"
    },
    {
        "country": "Turkmenistan",
        "alpha_2": "TM",
        "alpha_3": "TKM",
        "un_code": "795"
    },
    {
        "country": "Turks and Caicos Islands",
        "alpha_2": "TC",
        "alpha_3": "TCA",
        "un_code": "796"
    },
    {
        "country": "Tuvalu",
        "alpha_2": "TV",
        "alpha_3": "TUV",
        "un_code": "798"
    },
    {
        "country": "Uganda",
        "alpha_2": "UG",
        "alpha_3": "UGA",
        "un_code": "800"
    },
    {
        "country": "Ukraine",
        "alpha_2": "UA",
        "alpha_3": "UKR",
        "un_code": "804"
    },
    {
        "country": "United Arab Emirates",
        "alpha_2": "AE",
        "alpha_3": "ARE",
        "un_code": "784"
    },
    {
        "country": "United Kingdom",
        "alpha_2": "GB",
        "alpha_3": "GBR",
        "un_code": "826"
    },
    {
        "country": "United States of America",
        "alpha_2": "US",
        "alpha_3": "USA",
        "un_code": "840"
    },
    {
        "country": "US Minor Outlying Islands",
        "alpha_2": "UM",
        "alpha_3": "UMI",
        "un_code": "581"
    },
    {
        "country": "Uruguay",
        "alpha_2": "UY",
        "alpha_3": "URY",
        "un_code": "858"
    },
    {
        "country": "Uzbekistan",
        "alpha_2": "UZ",
        "alpha_3": "UZB",
        "un_code": "860"
    },
    {
        "country": "Vanuatu",
        "alpha_2": "VU",
        "alpha_3": "VUT",
        "un_code": "548"
    },
    {
        "country": "Venezuela (Bolivarian Republic)",
        "alpha_2": "VE",
        "alpha_3": "VEN",
        "un_code": "862"
    },
    {
        "country": "Viet Nam",
        "alpha_2": "VN",
        "alpha_3": "VNM",
        "un_code": "704"
    },
    {
        "country": "Virgin Islands, US",
        "alpha_2": "VI",
        "alpha_3": "VIR",
        "un_code": "850"
    },
    {
        "country": "Wallis and Futuna Islands",
        "alpha_2": "WF",
        "alpha_3": "WLF",
        "un_code": "876"
    },
    {
        "country": "Western Sahara",
        "alpha_2": "EH",
        "alpha_3": "ESH",
        "un_code": "732"
    },
    {
        "country": "Yemen",
        "alpha_2": "YE",
        "alpha_3": "YEM",
        "un_code": "887"
    },
    {
        "country": "Zambia",
        "alpha_2": "ZM",
        "alpha_3": "ZMB",
        "un_code": "894"
    },
    {
        "country": "Zimbabwe",
        "alpha_2": "ZW",
        "alpha_3": "ZWE",
        "un_code": "716"
    }
]